group,run,schedule,action_calls,checkpoint,checkpoint_sha256,train_seed,eval_seeds,noise_mode,spatial_success_pct,object_success_pct,goal_success_pct,long_success_pct,four_suite_mean_pct,latency_p50_ms,latency_p95_ms,gpu_model,eval_report,notes
baseline,RT-B0,parent10,300,parent,,,42/43/44,fixed,,,,,,,,,,
baseline,RT-B0-20,parent20,600,parent,,,42/43/44,fixed,,,,,,,,,,
baseline,RT-B1,parent5,150,parent,,,42/43/44,fixed,,,,,,,,,,
baseline,RT-B1,parent4,120,parent,,,42/43/44,fixed,,,,,,,,,,
baseline,RT-B1,parent2,60,parent,,,42/43/44,fixed,,,,,,,,,,
baseline,RT-B1,parent1,30,parent,,,42/43/44,fixed,,,,,,,,,,
baseline,RT-B3,S1,192,parent,,,42/43/44,fixed,,,,,,,,,,
baseline,RT-B3,S2,138,parent,,,42/43/44,fixed,,,,,,,,,,
baseline,RT-B5,S1,192,parent,,,42/43/44,fixed,,,,,,,,,,
baseline,RT-B5,S2,138,parent,,,42/43/44,fixed,,,,,,,,,,
baseline,RT-B6,S1,192,parent,,,42/43/44,fixed,,,,,,,,,,
baseline,RT-B6,S2,138,parent,,,42/43/44,fixed,,,,,,,,,,
phase1,RT-A,S1,192,step_00002000,,42,42/43/44,fixed,,,,,,,,,,
phase1,RT-A,S1,192,epoch_08,,42,42/43/44,fixed,,,,,,,,,,
phase1,RT-A,S1,192,epoch_09,,42,42/43/44,fixed,,,,,,,,,,
phase1,RT-A,S1,192,epoch_10,,42,42/43/44,fixed,,,,,,,,,,
phase1,RT-A,S2,138,step_00002000,,42,42/43/44,fixed,,,,,,,,,,
phase1,RT-A,S2,138,epoch_08,,42,42/43/44,fixed,,,,,,,,,,
phase1,RT-A,S2,138,epoch_09,,42,42/43/44,fixed,,,,,,,,,,
phase1,RT-A,S2,138,epoch_10,,42,42/43/44,fixed,,,,,,,,,,
phase1,RT-A,S3,168,step_00002000,,42,42/43/44,fixed,,,,,,,,,,held-out schedule
phase1,RT-A,S3,168,epoch_08,,42,42/43/44,fixed,,,,,,,,,,held-out schedule
phase1,RT-A,S3,168,epoch_09,,42,42/43/44,fixed,,,,,,,,,,held-out schedule
phase1,RT-A,S3,168,epoch_10,,42,42/43/44,fixed,,,,,,,,,,held-out schedule
phase1,RT-A,S4,156,step_00002000,,42,42/43/44,fixed,,,,,,,,,,held-out schedule
phase1,RT-A,S4,156,epoch_08,,42,42/43/44,fixed,,,,,,,,,,held-out schedule
phase1,RT-A,S4,156,epoch_09,,42,42/43/44,fixed,,,,,,,,,,held-out schedule
phase1,RT-A,S4,156,epoch_10,,42,42/43/44,fixed,,,,,,,,,,held-out schedule
phase1,RT-B4,S1,192,step_00002000,,42,42/43/44,fixed,,,,,,,,,,
phase1,RT-B4,S1,192,epoch_08,,42,42/43/44,fixed,,,,,,,,,,
phase1,RT-B4,S1,192,epoch_09,,42,42/43/44,fixed,,,,,,,,,,
phase1,RT-B4,S1,192,epoch_10,,42,42/43/44,fixed,,,,,,,,,,
phase1,RT-B4,S2,138,step_00002000,,42,42/43/44,fixed,,,,,,,,,,
phase1,RT-B4,S2,138,epoch_08,,42,42/43/44,fixed,,,,,,,,,,
phase1,RT-B4,S2,138,epoch_09,,42,42/43/44,fixed,,,,,,,,,,
phase1,RT-B4,S2,138,epoch_10,,42,42/43/44,fixed,,,,,,,,,,
phase1,RT-T1ft,S1,192,step_00002000,,42,42/43/44,fixed,,,,,,,,,,
phase1,RT-T1ft,S1,192,epoch_08,,42,42/43/44,fixed,,,,,,,,,,
phase1,RT-T1ft,S1,192,epoch_09,,42,42/43/44,fixed,,,,,,,,,,
phase1,RT-T1ft,S1,192,epoch_10,,42,42/43/44,fixed,,,,,,,,,,
phase1,RT-T1ft,S2,138,step_00002000,,42,42/43/44,fixed,,,,,,,,,,
phase1,RT-T1ft,S2,138,epoch_08,,42,42/43/44,fixed,,,,,,,,,,
phase1,RT-T1ft,S2,138,epoch_09,,42,42/43/44,fixed,,,,,,,,,,
phase1,RT-T1ft,S2,138,epoch_10,,42,42/43/44,fixed,,,,,,,,,,
phase1,RT-Pa,S1,192,step_00002000,,42,42/43/44,fixed,,,,,,,,,,
phase1,RT-Pa,S1,192,epoch_08,,42,42/43/44,fixed,,,,,,,,,,
phase1,RT-Pa,S1,192,epoch_09,,42,42/43/44,fixed,,,,,,,,,,
phase1,RT-Pa,S1,192,epoch_10,,42,42/43/44,fixed,,,,,,,,,,
phase1,RT-Pa,S2,138,step_00002000,,42,42/43/44,fixed,,,,,,,,,,
phase1,RT-Pa,S2,138,epoch_08,,42,42/43/44,fixed,,,,,,,,,,
phase1,RT-Pa,S2,138,epoch_09,,42,42/43/44,fixed,,,,,,,,,,
phase1,RT-Pa,S2,138,epoch_10,,42,42/43/44,fixed,,,,,,,,,,
phase1,RT-TF,S1,192,step_00002000,,42,42/43/44,fixed,,,,,,,,,,
phase1,RT-TF,S1,192,epoch_08,,42,42/43/44,fixed,,,,,,,,,,
phase1,RT-TF,S1,192,epoch_09,,42,42/43/44,fixed,,,,,,,,,,
phase1,RT-TF,S1,192,epoch_10,,42,42/43/44,fixed,,,,,,,,,,
phase1,RT-TF,S2,138,step_00002000,,42,42/43/44,fixed,,,,,,,,,,
phase1,RT-TF,S2,138,epoch_08,,42,42/43/44,fixed,,,,,,,,,,
phase1,RT-TF,S2,138,epoch_09,,42,42/43/44,fixed,,,,,,,,,,
phase1,RT-TF,S2,138,epoch_10,,42,42/43/44,fixed,,,,,,,,,,
phase2,RT-A2,S1,192,step_00002000,,42,42/43/44,fixed,,,,,,,,,,
phase2,RT-A2,S1,192,epoch_08,,42,42/43/44,fixed,,,,,,,,,,
phase2,RT-A2,S1,192,epoch_09,,42,42/43/44,fixed,,,,,,,,,,
phase2,RT-A2,S1,192,epoch_10,,42,42/43/44,fixed,,,,,,,,,,
phase2,RT-A2,S2,138,step_00002000,,42,42/43/44,fixed,,,,,,,,,,
phase2,RT-A2,S2,138,epoch_08,,42,42/43/44,fixed,,,,,,,,,,
phase2,RT-A2,S2,138,epoch_09,,42,42/43/44,fixed,,,,,,,,,,
phase2,RT-A2,S2,138,epoch_10,,42,42/43/44,fixed,,,,,,,,,,
phase2,RT-A2,S5,102,step_00002000,,42,42/43/44,fixed,,,,,,,,,,
phase2,RT-A2,S5,102,epoch_08,,42,42/43/44,fixed,,,,,,,,,,
phase2,RT-A2,S5,102,epoch_09,,42,42/43/44,fixed,,,,,,,,,,
phase2,RT-A2,S5,102,epoch_10,,42,42/43/44,fixed,,,,,,,,,,
phase2,RT-A2,S6,78,step_00002000,,42,42/43/44,fixed,,,,,,,,,,
phase2,RT-A2,S6,78,epoch_08,,42,42/43/44,fixed,,,,,,,,,,
phase2,RT-A2,S6,78,epoch_09,,42,42/43/44,fixed,,,,,,,,,,
phase2,RT-A2,S6,78,epoch_10,,42,42/43/44,fixed,,,,,,,,,,
phase2,RT-A2,S7,48,step_00002000,,42,42/43/44,fixed,,,,,,,,,,
phase2,RT-A2,S7,48,epoch_08,,42,42/43/44,fixed,,,,,,,,,,
phase2,RT-A2,S7,48,epoch_09,,42,42/43/44,fixed,,,,,,,,,,
phase2,RT-A2,S7,48,epoch_10,,42,42/43/44,fixed,,,,,,,,,,
phase2,RT-A2,S8,42,step_00002000,,42,42/43/44,fixed,,,,,,,,,,
phase2,RT-A2,S8,42,epoch_08,,42,42/43/44,fixed,,,,,,,,,,
phase2,RT-A2,S8,42,epoch_09,,42,42/43/44,fixed,,,,,,,,,,
phase2,RT-A2,S8,42,epoch_10,,42,42/43/44,fixed,,,,,,,,,,
phase2,RT-B2a,parent2,60,step_00002000,,42,42/43/44,fixed,,,,,,,,,,
phase2,RT-B2a,parent2,60,epoch_08,,42,42/43/44,fixed,,,,,,,,,,
phase2,RT-B2a,parent2,60,epoch_09,,42,42/43/44,fixed,,,,,,,,,,
phase2,RT-B2a,parent2,60,epoch_10,,42,42/43/44,fixed,,,,,,,,,,
phase2,RT+B2,S8,42,step_00002000,,42,42/43/44,fixed,,,,,,,,,,
phase2,RT+B2,S8,42,epoch_08,,42,42/43/44,fixed,,,,,,,,,,
phase2,RT+B2,S8,42,epoch_09,,42,42/43/44,fixed,,,,,,,,,,
phase2,RT+B2,S8,42,epoch_10,,42,42/43/44,fixed,,,,,,,,,,
phase2,RT+B2,S7,48,step_00002000,,42,42/43/44,fixed,,,,,,,,,,
phase2,RT+B2,S7,48,epoch_08,,42,42/43/44,fixed,,,,,,,,,,
phase2,RT+B2,S7,48,epoch_09,,42,42/43/44,fixed,,,,,,,,,,
phase2,RT+B2,S7,48,epoch_10,,42,42/43/44,fixed,,,,,,,,,,
phase2,RT-B4-2,S1,192,step_00002000,,42,42/43/44,fixed,,,,,,,,,,
phase2,RT-B4-2,S1,192,epoch_08,,42,42/43/44,fixed,,,,,,,,,,
phase2,RT-B4-2,S1,192,epoch_09,,42,42/43/44,fixed,,,,,,,,,,
phase2,RT-B4-2,S1,192,epoch_10,,42,42/43/44,fixed,,,,,,,,,,
phase2,RT-B4-2,S2,138,step_00002000,,42,42/43/44,fixed,,,,,,,,,,
phase2,RT-B4-2,S2,138,epoch_08,,42,42/43/44,fixed,,,,,,,,,,
phase2,RT-B4-2,S2,138,epoch_09,,42,42/43/44,fixed,,,,,,,,,,
phase2,RT-B4-2,S2,138,epoch_10,,42,42/43/44,fixed,,,,,,,,,,
phase2,RT-B4-2,S5,102,step_00002000,,42,42/43/44,fixed,,,,,,,,,,
phase2,RT-B4-2,S5,102,epoch_08,,42,42/43/44,fixed,,,,,,,,,,
phase2,RT-B4-2,S5,102,epoch_09,,42,42/43/44,fixed,,,,,,,,,,
phase2,RT-B4-2,S5,102,epoch_10,,42,42/43/44,fixed,,,,,,,,,,
phase2,RT-B4-2,S6,78,step_00002000,,42,42/43/44,fixed,,,,,,,,,,
phase2,RT-B4-2,S6,78,epoch_08,,42,42/43/44,fixed,,,,,,,,,,
phase2,RT-B4-2,S6,78,epoch_09,,42,42/43/44,fixed,,,,,,,,,,
phase2,RT-B4-2,S6,78,epoch_10,,42,42/43/44,fixed,,,,,,,,,,
phase2,RT-B4-2,S7,48,step_00002000,,42,42/43/44,fixed,,,,,,,,,,
phase2,RT-B4-2,S7,48,epoch_08,,42,42/43/44,fixed,,,,,,,,,,
phase2,RT-B4-2,S7,48,epoch_09,,42,42/43/44,fixed,,,,,,,,,,
phase2,RT-B4-2,S7,48,epoch_10,,42,42/43/44,fixed,,,,,,,,,,
phase2,RT-B4-2,S8,42,step_00002000,,42,42/43/44,fixed,,,,,,,,,,
phase2,RT-B4-2,S8,42,epoch_08,,42,42/43/44,fixed,,,,,,,,,,
phase2,RT-B4-2,S8,42,epoch_09,,42,42/43/44,fixed,,,,,,,,,,
phase2,RT-B4-2,S8,42,epoch_10,,42,42/43/44,fixed,,,,,,,,,,
deferred,RT-T3,S1,192,step_00002000,,42,42/43/44,fixed,,,,,,,,,,
deferred,RT-T3,S1,192,epoch_08,,42,42/43/44,fixed,,,,,,,,,,
deferred,RT-T3,S1,192,epoch_09,,42,42/43/44,fixed,,,,,,,,,,
deferred,RT-T3,S1,192,epoch_10,,42,42/43/44,fixed,,,,,,,,,,
deferred,RT-T3,S2,138,step_00002000,,42,42/43/44,fixed,,,,,,,,,,
deferred,RT-T3,S2,138,epoch_08,,42,42/43/44,fixed,,,,,,,,,,
deferred,RT-T3,S2,138,epoch_09,,42,42/43/44,fixed,,,,,,,,,,
deferred,RT-T3,S2,138,epoch_10,,42,42/43/44,fixed,,,,,,,,,,
deferred,RT-T5,S1,192,step_00002000,,42,42/43/44,fixed,,,,,,,,,,
deferred,RT-T5,S1,192,epoch_08,,42,42/43/44,fixed,,,,,,,,,,
deferred,RT-T5,S1,192,epoch_09,,42,42/43/44,fixed,,,,,,,,,,
deferred,RT-T5,S1,192,epoch_10,,42,42/43/44,fixed,,,,,,,,,,
deferred,RT-T5,S2,138,step_00002000,,42,42/43/44,fixed,,,,,,,,,,
deferred,RT-T5,S2,138,epoch_08,,42,42/43/44,fixed,,,,,,,,,,
deferred,RT-T5,S2,138,epoch_09,,42,42/43/44,fixed,,,,,,,,,,
deferred,RT-T5,S2,138,epoch_10,,42,42/43/44,fixed,,,,,,,,,,
deferred,RT-T6,S1,192,step_00002000,,42,42/43/44,fixed,,,,,,,,,,
deferred,RT-T6,S1,192,epoch_08,,42,42/43/44,fixed,,,,,,,,,,
deferred,RT-T6,S1,192,epoch_09,,42,42/43/44,fixed,,,,,,,,,,
deferred,RT-T6,S1,192,epoch_10,,42,42/43/44,fixed,,,,,,,,,,
deferred,RT-T6,S2,138,step_00002000,,42,42/43/44,fixed,,,,,,,,,,
deferred,RT-T6,S2,138,epoch_08,,42,42/43/44,fixed,,,,,,,,,,
deferred,RT-T6,S2,138,epoch_09,,42,42/43/44,fixed,,,,,,,,,,
deferred,RT-T6,S2,138,epoch_10,,42,42/43/44,fixed,,,,,,,,,,
deferred,RT-Pc,S1,192,step_00002000,,42,42/43/44,fixed,,,,,,,,,,
deferred,RT-Pc,S1,192,epoch_08,,42,42/43/44,fixed,,,,,,,,,,
deferred,RT-Pc,S1,192,epoch_09,,42,42/43/44,fixed,,,,,,,,,,
deferred,RT-Pc,S1,192,epoch_10,,42,42/43/44,fixed,,,,,,,,,,
deferred,RT-Pc,S2,138,step_00002000,,42,42/43/44,fixed,,,,,,,,,,
deferred,RT-Pc,S2,138,epoch_08,,42,42/43/44,fixed,,,,,,,,,,
deferred,RT-Pc,S2,138,epoch_09,,42,42/43/44,fixed,,,,,,,,,,
deferred,RT-Pc,S2,138,epoch_10,,42,42/43/44,fixed,,,,,,,,,,
deferred,RT-NFE1,parent1,30,step_00002000,,42,42/43/44,fixed,,,,,,,,,,
deferred,RT-NFE1,parent1,30,epoch_08,,42,42/43/44,fixed,,,,,,,,,,
deferred,RT-NFE1,parent1,30,epoch_09,,42,42/43/44,fixed,,,,,,,,,,
deferred,RT-NFE1,parent1,30,epoch_10,,42,42/43/44,fixed,,,,,,,,,,
deferred,RT-no-local,S1,192,step_00002000,,42,42/43/44,fixed,,,,,,,,,,
deferred,RT-no-local,S1,192,epoch_08,,42,42/43/44,fixed,,,,,,,,,,
deferred,RT-no-local,S1,192,epoch_09,,42,42/43/44,fixed,,,,,,,,,,
deferred,RT-no-local,S1,192,epoch_10,,42,42/43/44,fixed,,,,,,,,,,
deferred,RT-no-local,S2,138,step_00002000,,42,42/43/44,fixed,,,,,,,,,,
deferred,RT-no-local,S2,138,epoch_08,,42,42/43/44,fixed,,,,,,,,,,
deferred,RT-no-local,S2,138,epoch_09,,42,42/43/44,fixed,,,,,,,,,,
deferred,RT-no-local,S2,138,epoch_10,,42,42/43/44,fixed,,,,,,,,,,
deferred,RT-no-end,S1,192,step_00002000,,42,42/43/44,fixed,,,,,,,,,,
deferred,RT-no-end,S1,192,epoch_08,,42,42/43/44,fixed,,,,,,,,,,
deferred,RT-no-end,S1,192,epoch_09,,42,42/43/44,fixed,,,,,,,,,,
deferred,RT-no-end,S1,192,epoch_10,,42,42/43/44,fixed,,,,,,,,,,
deferred,RT-no-end,S2,138,step_00002000,,42,42/43/44,fixed,,,,,,,,,,
deferred,RT-no-end,S2,138,epoch_08,,42,42/43/44,fixed,,,,,,,,,,
deferred,RT-no-end,S2,138,epoch_09,,42,42/43/44,fixed,,,,,,,,,,
deferred,RT-no-end,S2,138,epoch_10,,42,42/43/44,fixed,,,,,,,,,,
deferred,RT-no-grip,S1,192,step_00002000,,42,42/43/44,fixed,,,,,,,,,,
deferred,RT-no-grip,S1,192,epoch_08,,42,42/43/44,fixed,,,,,,,,,,
deferred,RT-no-grip,S1,192,epoch_09,,42,42/43/44,fixed,,,,,,,,,,
deferred,RT-no-grip,S1,192,epoch_10,,42,42/43/44,fixed,,,,,,,,,,
deferred,RT-no-grip,S2,138,step_00002000,,42,42/43/44,fixed,,,,,,,,,,
deferred,RT-no-grip,S2,138,epoch_08,,42,42/43/44,fixed,,,,,,,,,,
deferred,RT-no-grip,S2,138,epoch_09,,42,42/43/44,fixed,,,,,,,,,,
deferred,RT-no-grip,S2,138,epoch_10,,42,42/43/44,fixed,,,,,,,,,,
deferred,RT-no-anchor,S1,192,step_00002000,,42,42/43/44,fixed,,,,,,,,,,
deferred,RT-no-anchor,S1,192,epoch_08,,42,42/43/44,fixed,,,,,,,,,,
deferred,RT-no-anchor,S1,192,epoch_09,,42,42/43/44,fixed,,,,,,,,,,
deferred,RT-no-anchor,S1,192,epoch_10,,42,42/43/44,fixed,,,,,,,,,,
deferred,RT-no-anchor,S2,138,step_00002000,,42,42/43/44,fixed,,,,,,,,,,
deferred,RT-no-anchor,S2,138,epoch_08,,42,42/43/44,fixed,,,,,,,,,,
deferred,RT-no-anchor,S2,138,epoch_09,,42,42/43/44,fixed,,,,,,,,,,
deferred,RT-no-anchor,S2,138,epoch_10,,42,42/43/44,fixed,,,,,,,,,,
deferred,RT-A-seed43,S1,192,step_00002000,,43,42/43/44,fixed,,,,,,,,,,
deferred,RT-A-seed43,S1,192,epoch_08,,43,42/43/44,fixed,,,,,,,,,,
deferred,RT-A-seed43,S1,192,epoch_09,,43,42/43/44,fixed,,,,,,,,,,
deferred,RT-A-seed43,S1,192,epoch_10,,43,42/43/44,fixed,,,,,,,,,,
deferred,RT-A-seed43,S2,138,step_00002000,,43,42/43/44,fixed,,,,,,,,,,
deferred,RT-A-seed43,S2,138,epoch_08,,43,42/43/44,fixed,,,,,,,,,,
deferred,RT-A-seed43,S2,138,epoch_09,,43,42/43/44,fixed,,,,,,,,,,
deferred,RT-A-seed43,S2,138,epoch_10,,43,42/43/44,fixed,,,,,,,,,,
deferred,RT-A-seed44,S1,192,step_00002000,,44,42/43/44,fixed,,,,,,,,,,
deferred,RT-A-seed44,S1,192,epoch_08,,44,42/43/44,fixed,,,,,,,,,,
deferred,RT-A-seed44,S1,192,epoch_09,,44,42/43/44,fixed,,,,,,,,,,
deferred,RT-A-seed44,S1,192,epoch_10,,44,42/43/44,fixed,,,,,,,,,,
deferred,RT-A-seed44,S2,138,step_00002000,,44,42/43/44,fixed,,,,,,,,,,
deferred,RT-A-seed44,S2,138,epoch_08,,44,42/43/44,fixed,,,,,,,,,,
deferred,RT-A-seed44,S2,138,epoch_09,,44,42/43/44,fixed,,,,,,,,,,
deferred,RT-A-seed44,S2,138,epoch_10,,44,42/43/44,fixed,,,,,,,,,,
