version,epoch,updates,real_windows,update_compute_seconds,video_loss,action_loss,final_exit_video_loss,final_exit_action_loss,heldout_action_mse
v0,1,725,92678,4603.635995686054,0.15371820370172734,0.18532208013849424,0.15371820370172734,0.18532208013849424,0.09973385906778276
v0,2,725,92678,2808.271694481373,0.09686775135128038,0.0904835430696324,0.09686775135128038,0.0904835430696324,0.09467517770826817
v0,3,725,92678,2808.8180273771286,0.08580108159866554,0.07572183838621538,0.08580108159866554,0.07572183838621538,0.1030213488265872
v0,4,725,92678,2801.3270575404167,0.07995021400888427,0.06339119004015759,0.07995021400888427,0.06339119004015759,0.0701518541900441
v0,5,725,92678,2830.2991046905518,0.0757586645305423,0.05239306920358953,0.0757586645305423,0.05239306920358953,0.07049805391579866
v0,6,725,92678,2825.0985399484634,0.07201835007030476,0.042309826173981775,0.07201835007030476,0.042309826173981775,0.0645301992772147
v0,7,725,92678,2822.4635545015335,0.06963146963264907,0.03363549109377818,0.06963146963264907,0.03363549109377818,0.07591582229360938
v0,8,725,92678,2824.4344428777695,0.06721842313956818,0.026881802404016115,0.06721842313956818,0.026881802404016115,0.07397295604459941
v0,9,725,92678,2815.7694873809814,0.06566881314449001,0.02210665148613936,0.06566881314449001,0.02210665148613936,0.07282375043723732
v0,10,725,92678,2818.2837701439857,0.064890602500693,0.01957186263505368,0.064890602500693,0.01957186263505368,0.06274311779998243
v1,1,725,92678,5397.378093183041,0.1565051864934818,0.18962226492258746,0.15394777256290643,0.1875292828439645,0.0974582633934915
v1,2,725,92678,3476.7747047543526,0.09884544238330771,0.09059322771053073,0.09684754698647327,0.09089659550651796,0.09277208428829908
v1,3,725,92678,3474.8413809537888,0.0877136560904789,0.07660358867018797,0.08567492941470378,0.07654410235103198,0.10588704748079181
v1,4,725,92678,3475.689835369587,0.08188404174659719,0.06438012279560616,0.07979037706638926,0.06396997013243873,0.06390407297294587
v1,5,725,92678,3476.705326616764,0.0777474706206875,0.0526238938893186,0.07557636575938202,0.05177996115329601,0.06544736376963556
v1,6,725,92678,3478.098194718361,0.07412906845838566,0.04280317840419324,0.07186186077983778,0.04164919881553494,0.07745431689545512
v1,7,725,92678,3478.0067306160927,0.0719230318283494,0.03423364530321003,0.0695432668612539,0.03291962510634656,0.07139592303428799
v1,8,725,92678,3477.0756125450134,0.06973717530142255,0.027705219802606342,0.06723678504986697,0.026261359428118955,0.07926776388194412
v1,9,725,92678,3477.6935808062553,0.06832938448674147,0.02319620439412975,0.06571871087464114,0.02166471797437908,0.06777075899299234
v1,10,725,92678,3477.395720779896,0.06762579391055083,0.02078857752185306,0.06495002932164338,0.019171378768668743,0.0675408411771059
dense_s12,1,725,92678,1517.2480971813202,0.15973846150884177,0.18904765375614033,0.15973846134419872,0.1890476537870109,0.12039621220901608
dense_s12,2,725,92678,894.540929377079,0.10103894484238893,0.0912361875983245,0.10103894494529084,0.09123618769093622,0.10620421008206904
dense_s12,3,725,92678,887.6899225115776,0.08987437256379811,0.07702540587239524,0.0898743724608962,0.077025405697462,0.11535173864103854
dense_s12,4,725,92678,892.1738168597221,0.0838620548982599,0.0657594989669367,0.08386205476448742,0.06575949914186995,0.09551736689172685
dense_s12,5,725,92678,889.452523291111,0.07983621710011363,0.054658084614195745,0.07983621684800396,0.054658084655356515,0.06332936068065464
dense_s12,6,725,92678,890.2786615490913,0.07644362670396318,0.044383742534406065,0.07644362660106127,0.04438374255498645,0.0873453599633649
dense_s12,7,725,92678,890.7810956835747,0.07413101181078874,0.03559815571457807,0.07413101203202785,0.0355981557917545,0.07231403759215027
dense_s12,8,725,92678,888.6152340173721,0.07206124343469518,0.028890662483102274,0.07206124326490702,0.028890662508827752,0.0697709241649136
dense_s12,9,725,92678,889.7717564105988,0.0705637736387279,0.024068700869606944,0.07056377388054738,0.024068700758987392,0.0659466456854716
dense_s12,10,725,92678,888.1744233369827,0.07000631826125968,0.021597497527771542,0.07000631806574605,0.021597497493042146,0.06976729887537658
v2,1,725,92678,1883.1190130710602,0.1659928462101399,0.18638618120539727,0.16542828993655914,0.18398227012163357,0.11122309044003487
v2,2,725,92678,1869.441407442093,0.10254376054327202,0.09110789991901237,0.10088907896709622,0.09136534726198595,0.11891247727908194
v2,3,725,92678,1869.5394290685654,0.09064169572830488,0.07696880939033098,0.08881870286388904,0.0769537388123981,0.08420868194662035
v2,4,725,92678,1868.607956647873,0.08395810692730019,0.06542067033237282,0.08200398378971184,0.06502529918490206,0.06634789996314794
v2,5,725,92678,1869.6779042482376,0.07936693436082426,0.05387585201855808,0.07730268786197605,0.05310642950026331,0.061849809368140996
v2,6,725,92678,1869.9077489376068,0.07631383052381926,0.0433733504012392,0.07415982204332625,0.042364493053910615,0.06801672175060958
v2,7,725,92678,1870.2730795145035,0.07350696700791191,0.034734804288156416,0.07124913544779254,0.033582515203741066,0.07527958927676082
v2,8,725,92678,1869.9340549111366,0.07145019569157778,0.028070636847533758,0.06910803383868042,0.02682860368238624,0.07129770470783114
v2,9,725,92678,1869.5807167887688,0.07032012673194435,0.023622032310967617,0.06786390568246428,0.022290527501912807,0.06352407776284963
v2,10,725,92678,1869.983273923397,0.06962379912044421,0.021146030204747698,0.06712069801391154,0.01971552040056592,0.060864162747748196
