version,task_id,task,episode_index,initial_state_index,seed,success,timeout,policy_steps,replans,duration_seconds,video_server
v0,0,put both the alphabet soup and the tomato sauce in the basket,7,7,7042,False,True,700,70,105.31439244293142,/mnt/data/vmo-ai-task/anhdh35/FastWAM/runs/loopwam_nt/v0_auto_eval_job4689/inference/videos/2026_10_06-07_26_16--episode=task0_trial7--success=False--task=put_both_the_alphabet_soup_and_the_tomato_sauce_in.mp4
v0,4,put the white mug on the left plate and put the yellow and white mug on the right plate,7,7,407042,False,True,700,70,69.59276753501035,/mnt/data/vmo-ai-task/anhdh35/FastWAM/runs/loopwam_nt/v0_auto_eval_job4689/inference/videos/2026_10_06-07_26_16--episode=task4_trial7--success=False--task=put_the_white_mug_on_the_left_plate_and_put_the_ye.mp4
v0,8,put both moka pots on the stove,5,5,805042,False,True,700,70,152.50391468801536,/mnt/data/vmo-ai-task/anhdh35/FastWAM/runs/loopwam_nt/v0_auto_eval_job4689/inference/videos/2026_10_06-07_26_16--episode=task8_trial5--success=False--task=put_both_moka_pots_on_the_stove.mp4
v0,8,put both moka pots on the stove,7,7,807042,False,True,700,70,150.81662959209643,/mnt/data/vmo-ai-task/anhdh35/FastWAM/runs/loopwam_nt/v0_auto_eval_job4689/inference/videos/2026_10_06-07_26_16--episode=task8_trial7--success=False--task=put_both_moka_pots_on_the_stove.mp4
v1,0,put both the alphabet soup and the tomato sauce in the basket,5,5,5042,False,True,700,70,107.78281316719949,/mnt/data/vmo-ai-task/anhdh35/FastWAM/runs/loopwam_nt/v1_bs128_job4691/inference/videos/2026_10_06-11_32_32--episode=task0_trial5--success=False--task=put_both_the_alphabet_soup_and_the_tomato_sauce_in.mp4
v1,0,put both the alphabet soup and the tomato sauce in the basket,6,6,6042,False,True,700,70,116.41565470211208,/mnt/data/vmo-ai-task/anhdh35/FastWAM/runs/loopwam_nt/v1_bs128_job4691/inference/videos/2026_10_06-11_32_32--episode=task0_trial6--success=False--task=put_both_the_alphabet_soup_and_the_tomato_sauce_in.mp4
v1,2,turn on the stove and put the moka pot on it,9,9,209042,False,True,700,70,158.5596705880016,/mnt/data/vmo-ai-task/anhdh35/FastWAM/runs/loopwam_nt/v1_bs128_job4691/inference/videos/2026_10_06-11_32_32--episode=task2_trial9--success=False--task=turn_on_the_stove_and_put_the_moka_pot_on_it.mp4
v1,3,put the black bowl in the bottom drawer of the cabinet and close it,2,2,302042,False,True,700,70,116.3242083452642,/mnt/data/vmo-ai-task/anhdh35/FastWAM/runs/loopwam_nt/v1_bs128_job4691/inference/videos/2026_10_06-11_32_32--episode=task3_trial2--success=False--task=put_the_black_bowl_in_the_bottom_drawer_of_the_cab.mp4
v1,4,put the white mug on the left plate and put the yellow and white mug on the right plate,0,0,400042,False,True,700,70,85.14206747151911,/mnt/data/vmo-ai-task/anhdh35/FastWAM/runs/loopwam_nt/v1_bs128_job4691/inference/videos/2026_10_06-11_32_32--episode=task4_trial0--success=False--task=put_the_white_mug_on_the_left_plate_and_put_the_ye.mp4
v1,4,put the white mug on the left plate and put the yellow and white mug on the right plate,1,1,401042,False,True,700,70,87.2983996476978,/mnt/data/vmo-ai-task/anhdh35/FastWAM/runs/loopwam_nt/v1_bs128_job4691/inference/videos/2026_10_06-11_32_32--episode=task4_trial1--success=False--task=put_the_white_mug_on_the_left_plate_and_put_the_ye.mp4
v1,4,put the white mug on the left plate and put the yellow and white mug on the right plate,3,3,403042,False,True,700,70,85.0651830881834,/mnt/data/vmo-ai-task/anhdh35/FastWAM/runs/loopwam_nt/v1_bs128_job4691/inference/videos/2026_10_06-11_32_32--episode=task4_trial3--success=False--task=put_the_white_mug_on_the_left_plate_and_put_the_ye.mp4
v1,6,put the white mug on the plate and put the chocolate pudding to the right of the plate,0,0,600042,False,True,700,70,89.68240616843104,/mnt/data/vmo-ai-task/anhdh35/FastWAM/runs/loopwam_nt/v1_bs128_job4691/inference/videos/2026_10_06-11_32_32--episode=task6_trial0--success=False--task=put_the_white_mug_on_the_plate_and_put_the_chocola.mp4
v1,6,put the white mug on the plate and put the chocolate pudding to the right of the plate,1,1,601042,False,True,700,70,89.77166063338518,/mnt/data/vmo-ai-task/anhdh35/FastWAM/runs/loopwam_nt/v1_bs128_job4691/inference/videos/2026_10_06-11_32_32--episode=task6_trial1--success=False--task=put_the_white_mug_on_the_plate_and_put_the_chocola.mp4
v1,6,put the white mug on the plate and put the chocolate pudding to the right of the plate,3,3,603042,False,True,700,70,93.4168854020536,/mnt/data/vmo-ai-task/anhdh35/FastWAM/runs/loopwam_nt/v1_bs128_job4691/inference/videos/2026_10_06-11_32_32--episode=task6_trial3--success=False--task=put_the_white_mug_on_the_plate_and_put_the_chocola.mp4
v1,6,put the white mug on the plate and put the chocolate pudding to the right of the plate,4,4,604042,False,True,700,70,91.12715752236545,/mnt/data/vmo-ai-task/anhdh35/FastWAM/runs/loopwam_nt/v1_bs128_job4691/inference/videos/2026_10_06-11_32_32--episode=task6_trial4--success=False--task=put_the_white_mug_on_the_plate_and_put_the_chocola.mp4
v1,6,put the white mug on the plate and put the chocolate pudding to the right of the plate,8,8,608042,False,True,700,70,84.85881908610463,/mnt/data/vmo-ai-task/anhdh35/FastWAM/runs/loopwam_nt/v1_bs128_job4691/inference/videos/2026_10_06-11_32_32--episode=task6_trial8--success=False--task=put_the_white_mug_on_the_plate_and_put_the_chocola.mp4
v1,7,put both the alphabet soup and the cream cheese box in the basket,0,0,700042,False,True,700,70,110.14951317757368,/mnt/data/vmo-ai-task/anhdh35/FastWAM/runs/loopwam_nt/v1_bs128_job4691/inference/videos/2026_10_06-11_32_32--episode=task7_trial0--success=False--task=put_both_the_alphabet_soup_and_the_cream_cheese_bo.mp4
v1,7,put both the alphabet soup and the cream cheese box in the basket,5,5,705042,False,True,700,70,108.49299919232726,/mnt/data/vmo-ai-task/anhdh35/FastWAM/runs/loopwam_nt/v1_bs128_job4691/inference/videos/2026_10_06-11_32_32--episode=task7_trial5--success=False--task=put_both_the_alphabet_soup_and_the_cream_cheese_bo.mp4
v1,7,put both the alphabet soup and the cream cheese box in the basket,6,6,706042,False,True,700,70,108.11780152283609,/mnt/data/vmo-ai-task/anhdh35/FastWAM/runs/loopwam_nt/v1_bs128_job4691/inference/videos/2026_10_06-11_32_32--episode=task7_trial6--success=False--task=put_both_the_alphabet_soup_and_the_cream_cheese_bo.mp4
v1,7,put both the alphabet soup and the cream cheese box in the basket,8,8,708042,False,True,700,70,108.63867609575391,/mnt/data/vmo-ai-task/anhdh35/FastWAM/runs/loopwam_nt/v1_bs128_job4691/inference/videos/2026_10_06-11_32_32--episode=task7_trial8--success=False--task=put_both_the_alphabet_soup_and_the_cream_cheese_bo.mp4
v1,8,put both moka pots on the stove,3,3,803042,False,True,700,70,148.3922353386879,/mnt/data/vmo-ai-task/anhdh35/FastWAM/runs/loopwam_nt/v1_bs128_job4691/inference/videos/2026_10_06-11_32_32--episode=task8_trial3--success=False--task=put_both_moka_pots_on_the_stove.mp4
v1,9,put the yellow and white mug in the microwave and close it,8,8,908042,False,True,700,70,107.21382987312973,/mnt/data/vmo-ai-task/anhdh35/FastWAM/runs/loopwam_nt/v1_bs128_job4691/inference/videos/2026_10_06-11_32_32--episode=task9_trial8--success=False--task=put_the_yellow_and_white_mug_in_the_microwave_and_.mp4
dense_s12,0,put both the alphabet soup and the tomato sauce in the basket,2,2,2042,False,True,700,70,98.8290838659741,/mnt/data/vmo-ai-task/anhdh35/FastWAM/runs/loopwam_nt/dense_v2_job4659_20261006/dense_s12_evaluation/videos/2026_10_06-06_09_29--episode=task0_trial2--success=False--task=put_both_the_alphabet_soup_and_the_tomato_sauce_in.mp4
dense_s12,0,put both the alphabet soup and the tomato sauce in the basket,3,3,3042,False,True,700,70,101.02062319591641,/mnt/data/vmo-ai-task/anhdh35/FastWAM/runs/loopwam_nt/dense_v2_job4659_20261006/dense_s12_evaluation/videos/2026_10_06-06_09_29--episode=task0_trial3--success=False--task=put_both_the_alphabet_soup_and_the_tomato_sauce_in.mp4
dense_s12,0,put both the alphabet soup and the tomato sauce in the basket,4,4,4042,False,True,700,70,100.0676809749566,/mnt/data/vmo-ai-task/anhdh35/FastWAM/runs/loopwam_nt/dense_v2_job4659_20261006/dense_s12_evaluation/videos/2026_10_06-06_09_29--episode=task0_trial4--success=False--task=put_both_the_alphabet_soup_and_the_tomato_sauce_in.mp4
dense_s12,0,put both the alphabet soup and the tomato sauce in the basket,7,7,7042,False,True,700,70,104.37745868321508,/mnt/data/vmo-ai-task/anhdh35/FastWAM/runs/loopwam_nt/dense_v2_job4659_20261006/dense_s12_evaluation/videos/2026_10_06-06_09_29--episode=task0_trial7--success=False--task=put_both_the_alphabet_soup_and_the_tomato_sauce_in.mp4
dense_s12,1,put both the cream cheese box and the butter in the basket,2,2,102042,False,True,700,70,98.37032429734245,/mnt/data/vmo-ai-task/anhdh35/FastWAM/runs/loopwam_nt/dense_v2_job4659_20261006/dense_s12_evaluation/videos/2026_10_06-06_09_29--episode=task1_trial2--success=False--task=put_both_the_cream_cheese_box_and_the_butter_in_th.mp4
dense_s12,1,put both the cream cheese box and the butter in the basket,5,5,105042,False,True,700,70,99.21984937181696,/mnt/data/vmo-ai-task/anhdh35/FastWAM/runs/loopwam_nt/dense_v2_job4659_20261006/dense_s12_evaluation/videos/2026_10_06-06_09_29--episode=task1_trial5--success=False--task=put_both_the_cream_cheese_box_and_the_butter_in_th.mp4
dense_s12,2,turn on the stove and put the moka pot on it,1,1,201042,False,True,700,70,132.47729714028537,/mnt/data/vmo-ai-task/anhdh35/FastWAM/runs/loopwam_nt/dense_v2_job4659_20261006/dense_s12_evaluation/videos/2026_10_06-06_09_29--episode=task2_trial1--success=False--task=turn_on_the_stove_and_put_the_moka_pot_on_it.mp4
dense_s12,4,put the white mug on the left plate and put the yellow and white mug on the right plate,5,5,405042,False,True,700,70,72.40180176496506,/mnt/data/vmo-ai-task/anhdh35/FastWAM/runs/loopwam_nt/dense_v2_job4659_20261006/dense_s12_evaluation/videos/2026_10_06-06_09_29--episode=task4_trial5--success=False--task=put_the_white_mug_on_the_left_plate_and_put_the_ye.mp4
dense_s12,4,put the white mug on the left plate and put the yellow and white mug on the right plate,7,7,407042,False,True,700,70,69.99538771482185,/mnt/data/vmo-ai-task/anhdh35/FastWAM/runs/loopwam_nt/dense_v2_job4659_20261006/dense_s12_evaluation/videos/2026_10_06-06_09_29--episode=task4_trial7--success=False--task=put_the_white_mug_on_the_left_plate_and_put_the_ye.mp4
dense_s12,4,put the white mug on the left plate and put the yellow and white mug on the right plate,8,8,408042,False,True,700,70,71.1027197749354,/mnt/data/vmo-ai-task/anhdh35/FastWAM/runs/loopwam_nt/dense_v2_job4659_20261006/dense_s12_evaluation/videos/2026_10_06-06_09_29--episode=task4_trial8--success=False--task=put_the_white_mug_on_the_left_plate_and_put_the_ye.mp4
dense_s12,6,put the white mug on the plate and put the chocolate pudding to the right of the plate,4,4,604042,False,True,700,70,68.98782399808988,/mnt/data/vmo-ai-task/anhdh35/FastWAM/runs/loopwam_nt/dense_v2_job4659_20261006/dense_s12_evaluation/videos/2026_10_06-06_09_29--episode=task6_trial4--success=False--task=put_the_white_mug_on_the_plate_and_put_the_chocola.mp4
dense_s12,6,put the white mug on the plate and put the chocolate pudding to the right of the plate,9,9,609042,False,True,700,70,74.38612362602726,/mnt/data/vmo-ai-task/anhdh35/FastWAM/runs/loopwam_nt/dense_v2_job4659_20261006/dense_s12_evaluation/videos/2026_10_06-06_09_29--episode=task6_trial9--success=False--task=put_the_white_mug_on_the_plate_and_put_the_chocola.mp4
dense_s12,7,put both the alphabet soup and the cream cheese box in the basket,6,6,706042,False,True,700,70,89.1552387564443,/mnt/data/vmo-ai-task/anhdh35/FastWAM/runs/loopwam_nt/dense_v2_job4659_20261006/dense_s12_evaluation/videos/2026_10_06-06_09_29--episode=task7_trial6--success=False--task=put_both_the_alphabet_soup_and_the_cream_cheese_bo.mp4
dense_s12,7,put both the alphabet soup and the cream cheese box in the basket,9,9,709042,False,True,700,70,88.30546093219891,/mnt/data/vmo-ai-task/anhdh35/FastWAM/runs/loopwam_nt/dense_v2_job4659_20261006/dense_s12_evaluation/videos/2026_10_06-06_09_29--episode=task7_trial9--success=False--task=put_both_the_alphabet_soup_and_the_cream_cheese_bo.mp4
dense_s12,8,put both moka pots on the stove,2,2,802042,False,True,700,70,135.733774933964,/mnt/data/vmo-ai-task/anhdh35/FastWAM/runs/loopwam_nt/dense_v2_job4659_20261006/dense_s12_evaluation/videos/2026_10_06-06_09_29--episode=task8_trial2--success=False--task=put_both_moka_pots_on_the_stove.mp4
dense_s12,8,put both moka pots on the stove,7,7,807042,False,True,700,70,134.528152607847,/mnt/data/vmo-ai-task/anhdh35/FastWAM/runs/loopwam_nt/dense_v2_job4659_20261006/dense_s12_evaluation/videos/2026_10_06-06_09_29--episode=task8_trial7--success=False--task=put_both_moka_pots_on_the_stove.mp4
dense_s12,9,put the yellow and white mug in the microwave and close it,4,4,904042,False,True,700,70,90.45013720309362,/mnt/data/vmo-ai-task/anhdh35/FastWAM/runs/loopwam_nt/dense_v2_job4659_20261006/dense_s12_evaluation/videos/2026_10_06-06_09_29--episode=task9_trial4--success=False--task=put_the_yellow_and_white_mug_in_the_microwave_and_.mp4
dense_s12,9,put the yellow and white mug in the microwave and close it,5,5,905042,False,True,700,70,88.69076917879283,/mnt/data/vmo-ai-task/anhdh35/FastWAM/runs/loopwam_nt/dense_v2_job4659_20261006/dense_s12_evaluation/videos/2026_10_06-06_09_29--episode=task9_trial5--success=False--task=put_the_yellow_and_white_mug_in_the_microwave_and_.mp4
dense_s12,9,put the yellow and white mug in the microwave and close it,8,8,908042,False,True,700,70,90.01779777510092,/mnt/data/vmo-ai-task/anhdh35/FastWAM/runs/loopwam_nt/dense_v2_job4659_20261006/dense_s12_evaluation/videos/2026_10_06-06_09_29--episode=task9_trial8--success=False--task=put_the_yellow_and_white_mug_in_the_microwave_and_.mp4
v2,0,put both the alphabet soup and the tomato sauce in the basket,4,4,4042,False,True,700,70,119.11120092915371,/mnt/data/vmo-ai-task/anhdh35/FastWAM/runs/loopwam_nt/dense_v2_job4659_20261006/v2_evaluation/videos/2026_10_06-11_58_45--episode=task0_trial4--success=False--task=put_both_the_alphabet_soup_and_the_tomato_sauce_in.mp4
v2,0,put both the alphabet soup and the tomato sauce in the basket,5,5,5042,False,True,700,70,118.84905483294278,/mnt/data/vmo-ai-task/anhdh35/FastWAM/runs/loopwam_nt/dense_v2_job4659_20261006/v2_evaluation/videos/2026_10_06-11_58_45--episode=task0_trial5--success=False--task=put_both_the_alphabet_soup_and_the_tomato_sauce_in.mp4
v2,0,put both the alphabet soup and the tomato sauce in the basket,7,7,7042,False,True,700,70,122.44468220183626,/mnt/data/vmo-ai-task/anhdh35/FastWAM/runs/loopwam_nt/dense_v2_job4659_20261006/v2_evaluation/videos/2026_10_06-11_58_45--episode=task0_trial7--success=False--task=put_both_the_alphabet_soup_and_the_tomato_sauce_in.mp4
v2,1,put both the cream cheese box and the butter in the basket,5,5,105042,False,True,700,70,116.87135135103017,/mnt/data/vmo-ai-task/anhdh35/FastWAM/runs/loopwam_nt/dense_v2_job4659_20261006/v2_evaluation/videos/2026_10_06-11_58_45--episode=task1_trial5--success=False--task=put_both_the_cream_cheese_box_and_the_butter_in_th.mp4
v2,2,turn on the stove and put the moka pot on it,1,1,201042,False,True,700,70,151.61500107869506,/mnt/data/vmo-ai-task/anhdh35/FastWAM/runs/loopwam_nt/dense_v2_job4659_20261006/v2_evaluation/videos/2026_10_06-11_58_45--episode=task2_trial1--success=False--task=turn_on_the_stove_and_put_the_moka_pot_on_it.mp4
v2,2,turn on the stove and put the moka pot on it,6,6,206042,False,True,700,70,159.00912509579211,/mnt/data/vmo-ai-task/anhdh35/FastWAM/runs/loopwam_nt/dense_v2_job4659_20261006/v2_evaluation/videos/2026_10_06-11_58_45--episode=task2_trial6--success=False--task=turn_on_the_stove_and_put_the_moka_pot_on_it.mp4
v2,4,put the white mug on the left plate and put the yellow and white mug on the right plate,1,1,401042,False,True,700,70,88.7273564869538,/mnt/data/vmo-ai-task/anhdh35/FastWAM/runs/loopwam_nt/dense_v2_job4659_20261006/v2_evaluation/videos/2026_10_06-11_58_45--episode=task4_trial1--success=False--task=put_the_white_mug_on_the_left_plate_and_put_the_ye.mp4
v2,4,put the white mug on the left plate and put the yellow and white mug on the right plate,7,7,407042,False,True,700,70,87.84590519499034,/mnt/data/vmo-ai-task/anhdh35/FastWAM/runs/loopwam_nt/dense_v2_job4659_20261006/v2_evaluation/videos/2026_10_06-11_58_45--episode=task4_trial7--success=False--task=put_the_white_mug_on_the_left_plate_and_put_the_ye.mp4
v2,4,put the white mug on the left plate and put the yellow and white mug on the right plate,8,8,408042,False,True,700,70,86.25673366570845,/mnt/data/vmo-ai-task/anhdh35/FastWAM/runs/loopwam_nt/dense_v2_job4659_20261006/v2_evaluation/videos/2026_10_06-11_58_45--episode=task4_trial8--success=False--task=put_the_white_mug_on_the_left_plate_and_put_the_ye.mp4
v2,6,put the white mug on the plate and put the chocolate pudding to the right of the plate,9,9,609042,False,True,700,70,92.42675954615697,/mnt/data/vmo-ai-task/anhdh35/FastWAM/runs/loopwam_nt/dense_v2_job4659_20261006/v2_evaluation/videos/2026_10_06-11_58_45--episode=task6_trial9--success=False--task=put_the_white_mug_on_the_plate_and_put_the_chocola.mp4
v2,7,put both the alphabet soup and the cream cheese box in the basket,5,5,705042,False,True,700,70,110.66714020678774,/mnt/data/vmo-ai-task/anhdh35/FastWAM/runs/loopwam_nt/dense_v2_job4659_20261006/v2_evaluation/videos/2026_10_06-11_58_46--episode=task7_trial5--success=False--task=put_both_the_alphabet_soup_and_the_cream_cheese_bo.mp4
v2,7,put both the alphabet soup and the cream cheese box in the basket,6,6,706042,False,True,700,70,112.21393036516383,/mnt/data/vmo-ai-task/anhdh35/FastWAM/runs/loopwam_nt/dense_v2_job4659_20261006/v2_evaluation/videos/2026_10_06-11_58_46--episode=task7_trial6--success=False--task=put_both_the_alphabet_soup_and_the_cream_cheese_bo.mp4
v2,8,put both moka pots on the stove,3,3,803042,False,True,700,70,152.24909177795053,/mnt/data/vmo-ai-task/anhdh35/FastWAM/runs/loopwam_nt/dense_v2_job4659_20261006/v2_evaluation/videos/2026_10_06-11_58_45--episode=task8_trial3--success=False--task=put_both_moka_pots_on_the_stove.mp4
v2,8,put both moka pots on the stove,4,4,804042,False,True,700,70,152.603078647051,/mnt/data/vmo-ai-task/anhdh35/FastWAM/runs/loopwam_nt/dense_v2_job4659_20261006/v2_evaluation/videos/2026_10_06-11_58_45--episode=task8_trial4--success=False--task=put_both_moka_pots_on_the_stove.mp4
v2,8,put both moka pots on the stove,6,6,806042,False,True,700,70,152.0010542748496,/mnt/data/vmo-ai-task/anhdh35/FastWAM/runs/loopwam_nt/dense_v2_job4659_20261006/v2_evaluation/videos/2026_10_06-11_58_45--episode=task8_trial6--success=False--task=put_both_moka_pots_on_the_stove.mp4
v2,8,put both moka pots on the stove,9,9,809042,False,True,700,70,150.8174023651518,/mnt/data/vmo-ai-task/anhdh35/FastWAM/runs/loopwam_nt/dense_v2_job4659_20261006/v2_evaluation/videos/2026_10_06-11_58_45--episode=task8_trial9--success=False--task=put_both_moka_pots_on_the_stove.mp4
v2,9,put the yellow and white mug in the microwave and close it,2,2,902042,False,True,700,70,108.63636321900412,/mnt/data/vmo-ai-task/anhdh35/FastWAM/runs/loopwam_nt/dense_v2_job4659_20261006/v2_evaluation/videos/2026_10_06-11_58_45--episode=task9_trial2--success=False--task=put_the_yellow_and_white_mug_in_the_microwave_and_.mp4
v2,9,put the yellow and white mug in the microwave and close it,6,6,906042,False,True,700,70,103.20282965619117,/mnt/data/vmo-ai-task/anhdh35/FastWAM/runs/loopwam_nt/dense_v2_job4659_20261006/v2_evaluation/videos/2026_10_06-11_58_45--episode=task9_trial6--success=False--task=put_the_yellow_and_white_mug_in_the_microwave_and_.mp4
v2,9,put the yellow and white mug in the microwave and close it,7,7,907042,False,True,700,70,105.21444776793942,/mnt/data/vmo-ai-task/anhdh35/FastWAM/runs/loopwam_nt/dense_v2_job4659_20261006/v2_evaluation/videos/2026_10_06-11_58_45--episode=task9_trial7--success=False--task=put_the_yellow_and_white_mug_in_the_microwave_and_.mp4
