run,loss_video_first100,loss_video_last100,loss_action_first100,loss_action_last100
v0_original,0.27848527401685713,0.0650125292220464,0.5039909343421459,0.019052614877654243
v1,0.28591226786375046,0.0677169658705571,0.5247008404135705,0.020250888823132387
dense_s12,0.29595859721302986,0.06908064834288119,0.5461372317373753,0.021246650214638313
v2,0.31958471551537515,0.06975639395804825,0.5193083301186562,0.02110519299777567
dense_s30,0.19832165017724038,0.043211570305485024,0.46723751097917554,0.01296839937697
v0_full,0.3168478414416313,0.0564294550490456,0.6781634265184402,0.016700581364619313
v0_4_1,0.2747720105946064,0.06426286880273062,0.5432989700138569,0.018747994034781893
v0_4_2,0.27584667816758157,0.06389229529230052,0.5174700500071049,0.018099677118546657
v0_2_2,0.28016590893268584,0.067083795040277,0.515789275765419,0.019799777263862738
v0_1_4,0.297835713326931,0.07037432043028471,0.5113525097072125,0.021182332048611342
v0_4_4_repeat,0.27860037237405777,0.18628860175609588,0.5028502151370049,0.21920685574412346
