run,label,successes,episodes,sr,parameters,gpus,training_seconds,evaluation_seconds,gpu_hours,backend,microbatch,accumulation,checkpoint_sha256
dense_s12,Dense-S12,81,100,0.81,584536135,4,9659.623690006789,2084.123803138733,10.732915211118653,zero1,32,1,99dd71164a8f1e973df7c183da51fa097857fa31867f62cdfd4f283bd3d01b59
dense_s30,Dense-S30,86,100,0.86,1416114247,2,29661.990582027007,3399.9272499084473,16.47888365668167,ddp,8,8,7ae8339f2229663054aa6c0f48ed1ad8589e04cb51b32b936a08c32345d77a1f
v0_original,v0 4/4 original,96,100,0.96,584536135,2,30656.49835309002,2646.5781350135803,17.0313879739389,ddp,8,8,d75adef4068d74827921ea35a6bd8d36b5e6ad8b0b84de8dc7ad9e9766486125
v1,v1 4/4,82,100,0.82,584536135,2,37358.65362169221,3585.6603498458862,20.754807567606782,ddp,8,8,5b893e89864af9f0fc5c8023ddb482bd6d60bb74e137be2ef82f6d7721cad272
v2,v2 4/4,81,100,0.81,584536135,4,18835.53783011483,2454.885952234268,20.928375366794256,ddp,8,4,15781272e43b9ad9787f312680089b481dee512a718f79b01283cf828c4c0c82
v0_4_1,v0 4/1,81,100,0.81,584536135,2,24663.509409112856,3314.379494667053,13.701949671729365,ddp,8,8,32e143c0467faea2717195e2825eed91874c67f1efd54dada2a5be2adafece90
v0_4_2,v0 4/2,86,100,0.86,584536135,2,25250.49075877294,3161.8846168518066,14.028050421540522,ddp,8,8,21ef778748eec09724ad084a0dd2683463ab570d66c49be9de10fb14cc727a8d
v0_2_2,v0 2/2,81,100,0.81,584536135,2,16060.33346327953,3514.120408296585,8.92240747959974,ddp,16,4,ba95c076b32c65ed45385452beb17a2f7c2c01b62e693e309e0b02ac1aaac5ab
v0_1_4,v0 1/4,86,100,0.86,584536135,2,15970.634059805423,3431.4542195796967,8.87257447766968,ddp,16,4,a3fced7752b711251d8cc3caee10825744cc73367ab9964d93ebbe90c5a50c04
